pid,arrival_tick,burst,group
26,9,5,INTERACTIVE
27,11,4,INTERACTIVE
28,18,5,INTERACTIVE
29,27,1,INTERACTIVE
30,27,4,INTERACTIVE
31,30,5,INTERACTIVE
32,30,1,INTERACTIVE
33,42,3,INTERACTIVE
34,44,1,INTERACTIVE
1,51,1,SYSTEM
51,53,23,BATCH
52,55,47,BATCH
53,55,41,BATCH
2,57,1,SYSTEM
54,60,16,BATCH
35,64,4,INTERACTIVE
36,64,1,INTERACTIVE
3,80,2,SYSTEM
37,81,3,INTERACTIVE
55,81,18,BATCH
4,87,1,SYSTEM
38,93,4,INTERACTIVE
39,97,2,INTERACTIVE
5,105,3,SYSTEM
40,111,1,INTERACTIVE
41,113,4,INTERACTIVE
56,117,36,BATCH
42,119,1,INTERACTIVE
6,120,3,SYSTEM
43,130,1,INTERACTIVE
44,131,5,INTERACTIVE
57,134,44,BATCH
7,137,1,SYSTEM
76,137,28,IDLE
58,141,29,BATCH
45,150,1,INTERACTIVE
46,153,5,INTERACTIVE
59,153,33,BATCH
77,164,56,IDLE
47,169,5,INTERACTIVE
8,171,3,SYSTEM
48,174,2,INTERACTIVE
49,176,4,INTERACTIVE
50,178,2,INTERACTIVE
60,181,38,BATCH
61,196,26,BATCH
9,208,1,SYSTEM
62,209,43,BATCH
10,217,1,SYSTEM
11,217,1,SYSTEM
63,221,14,BATCH
64,222,27,BATCH
12,229,1,SYSTEM
13,237,3,SYSTEM
14,242,2,SYSTEM
65,244,13,BATCH
15,246,3,SYSTEM
16,265,3,SYSTEM
17,266,2,SYSTEM
66,271,12,BATCH
78,282,37,IDLE
67,286,12,BATCH
18,287,2,SYSTEM
68,296,19,BATCH
79,308,20,IDLE
19,310,2,SYSTEM
20,310,1,SYSTEM
21,312,1,SYSTEM
69,321,43,BATCH
22,331,3,SYSTEM
23,341,1,SYSTEM
24,342,2,SYSTEM
25,342,1,SYSTEM
80,346,51,IDLE
81,356,20,IDLE
70,377,29,BATCH
71,398,29,BATCH
72,403,37,BATCH
73,406,38,BATCH
82,414,44,IDLE
83,417,54,IDLE
74,421,43,BATCH
84,430,57,IDLE
75,478,14,BATCH
85,491,30,IDLE
86,499,50,IDLE
87,641,41,IDLE
88,683,22,IDLE
89,810,47,IDLE
90,866,44,IDLE
91,889,39,IDLE
92,910,37,IDLE
93,1040,55,IDLE
94,1083,36,IDLE
95,1086,51,IDLE
96,1105,20,IDLE
97,1119,25,IDLE
98,1228,55,IDLE
99,1373,39,IDLE
100,1375,49,IDLE
